case:concept:name,concept:name
0,"Fill Out Credit Card Application"
0,"Submit Credit Card Application"
0,"Wait for Credit Check and Approval"
0,"Research Available Credit Card Offers"
0,"Receive and Activate the New Card"
0,"Research Available Credit Card Offers"
0,"Choose a Credit Card that Suits Your Needs"
1,"Fill Out Credit Card Application"
1,"Submit Credit Card Application"
1,"Wait for Credit Check and Approval"
1,"Research Available Credit Card Offers"
1,"Receive and Activate the New Card"
1,"Choose a Credit Card that Suits Your Needs"
2,"Fill Out Credit Card Application"
2,"Submit Credit Card Application"
2,"Wait for Credit Check and Approval"
2,"Research Available Credit Card Offers"
2,"Choose a Credit Card that Suits Your Needs"
3,"Fill Out Credit Card Application"
3,"Submit Credit Card Application"
3,"Wait for Credit Check and Approval"
3,"Research Available Credit Card Offers"
3,"Research Available Credit Card Offers"
3,"Receive and Activate the New Card"
3,"Choose a Credit Card that Suits Your Needs"
4,"Fill Out Credit Card Application"
4,"Submit Credit Card Application"
4,"Wait for Credit Check and Approval"
4,"Receive and Activate the New Card"
4,"Research Available Credit Card Offers"
4,"Research Available Credit Card Offers"
4,"Choose a Credit Card that Suits Your Needs"
5,"Fill Out Credit Card Application"
5,"Submit Credit Card Application"
5,"Wait for Credit Check and Approval"
5,"Receive and Activate the New Card"
5,"Research Available Credit Card Offers"
5,"Choose a Credit Card that Suits Your Needs"
6,"Fill Out Credit Card Application"
6,"Submit Credit Card Application"
6,"Wait for Credit Check and Approval"
6,"Research Available Credit Card Offers"
6,"Research Available Credit Card Offers"
6,"Choose a Credit Card that Suits Your Needs"
7,"Fill Out Credit Card Application"
7,"Research Available Credit Card Offers"
7,"Submit Credit Card Application"
7,"Research Available Credit Card Offers"
7,"Choose a Credit Card that Suits Your Needs"
7,"Acquire Application Form"
7,"Wait for Credit Check and Approval"
8,"Fill Out Credit Card Application"
8,"Research Available Credit Card Offers"
8,"Submit Credit Card Application"
8,"Research Available Credit Card Offers"
8,"Wait for Credit Check and Approval"
8,"Choose a Credit Card that Suits Your Needs"
9,"Fill Out Credit Card Application"
9,"Research Available Credit Card Offers"
9,"Submit Credit Card Application"
9,"Wait for Credit Check and Approval"
9,"Choose a Credit Card that Suits Your Needs"
10,"Fill Out Credit Card Application"
10,"Research Available Credit Card Offers"
10,"Submit Credit Card Application"
10,"Wait for Credit Check and Approval"
10,"Receive and Activate the New Card"
10,"Choose a Credit Card that Suits Your Needs"
11,"Fill Out Credit Card Application"
11,"Research Available Credit Card Offers"
11,"Submit Credit Card Application"
11,"Wait for Credit Check and Approval"
11,"Research Available Credit Card Offers"
11,"Choose a Credit Card that Suits Your Needs"
12,"Fill Out Credit Card Application"
12,"Research Available Credit Card Offers"
12,"Submit Credit Card Application"
12,"Research Available Credit Card Offers"
12,"Wait for Credit Check and Approval"
12,"Receive and Activate the New Card"
12,"Choose a Credit Card that Suits Your Needs"
13,"Fill Out Credit Card Application"
13,"Research Available Credit Card Offers"
13,"Submit Credit Card Application"
13,"Wait for Credit Check and Approval"
13,"Receive and Activate the New Card"
13,"Research Available Credit Card Offers"
13,"Choose a Credit Card that Suits Your Needs"
14,"Fill Out Credit Card Application"
14,"Research Available Credit Card Offers"
14,"Submit Credit Card Application"
14,"Wait for Credit Check and Approval"
14,"Research Available Credit Card Offers"
14,"Receive and Activate the New Card"
14,"Choose a Credit Card that Suits Your Needs"
15,"Fill Out Credit Card Application"
15,"Research Available Credit Card Offers"
15,"Submit Credit Card Application"
15,"Research Available Credit Card Offers"
15,"Choose a Credit Card that Suits Your Needs"
15,"Wait for Credit Check and Approval"
16,"Research Available Credit Card Offers"
16,"Research Available Credit Card Offers"
16,"Fill Out Credit Card Application"
16,"Submit Credit Card Application"
16,"Choose a Credit Card that Suits Your Needs"
16,"Acquire Application Form"
16,"Wait for Credit Check and Approval"
17,"Research Available Credit Card Offers"
17,"Research Available Credit Card Offers"
17,"Fill Out Credit Card Application"
17,"Submit Credit Card Application"
17,"Wait for Credit Check and Approval"
17,"Choose a Credit Card that Suits Your Needs"
18,"Research Available Credit Card Offers"
18,"Research Available Credit Card Offers"
18,"Fill Out Credit Card Application"
18,"Submit Credit Card Application"
18,"Wait for Credit Check and Approval"
18,"Receive and Activate the New Card"
18,"Choose a Credit Card that Suits Your Needs"
19,"Research Available Credit Card Offers"
19,"Research Available Credit Card Offers"
19,"Fill Out Credit Card Application"
19,"Submit Credit Card Application"
19,"Choose a Credit Card that Suits Your Needs"
19,"Wait for Credit Check and Approval"
20,"Research Available Credit Card Offers"
20,"Choose a Credit Card that Suits Your Needs"
20,"Fill Out Credit Card Application"
20,"Submit Credit Card Application"
20,"Wait for Credit Check and Approval"
21,"Research Available Credit Card Offers"
21,"Choose a Credit Card that Suits Your Needs"
21,"Fill Out Credit Card Application"
21,"Submit Credit Card Application"
21,"Research Available Credit Card Offers"
21,"Acquire Application Form"
21,"Wait for Credit Check and Approval"
22,"Research Available Credit Card Offers"
22,"Choose a Credit Card that Suits Your Needs"
22,"Fill Out Credit Card Application"
22,"Submit Credit Card Application"
22,"Research Available Credit Card Offers"
22,"Wait for Credit Check and Approval"
23,"Research Available Credit Card Offers"
23,"Choose a Credit Card that Suits Your Needs"
23,"Fill Out Credit Card Application"
23,"Research Available Credit Card Offers"
23,"Submit Credit Card Application"
23,"Acquire Application Form"
23,"Wait for Credit Check and Approval"
24,"Research Available Credit Card Offers"
24,"Choose a Credit Card that Suits Your Needs"
24,"Fill Out Credit Card Application"
24,"Research Available Credit Card Offers"
24,"Submit Credit Card Application"
24,"Wait for Credit Check and Approval"
25,"Research Available Credit Card Offers"
25,"Fill Out Credit Card Application"
25,"Submit Credit Card Application"
25,"Wait for Credit Check and Approval"
25,"Choose a Credit Card that Suits Your Needs"
26,"Research Available Credit Card Offers"
26,"Fill Out Credit Card Application"
26,"Submit Credit Card Application"
26,"Wait for Credit Check and Approval"
26,"Receive and Activate the New Card"
26,"Choose a Credit Card that Suits Your Needs"
27,"Research Available Credit Card Offers"
27,"Fill Out Credit Card Application"
27,"Submit Credit Card Application"
27,"Wait for Credit Check and Approval"
27,"Receive and Activate the New Card"
27,"Research Available Credit Card Offers"
27,"Choose a Credit Card that Suits Your Needs"
28,"Research Available Credit Card Offers"
28,"Fill Out Credit Card Application"
28,"Submit Credit Card Application"
28,"Research Available Credit Card Offers"
28,"Choose a Credit Card that Suits Your Needs"
28,"Wait for Credit Check and Approval"
29,"Research Available Credit Card Offers"
29,"Fill Out Credit Card Application"
29,"Submit Credit Card Application"
29,"Research Available Credit Card Offers"
29,"Wait for Credit Check and Approval"
29,"Receive and Activate the New Card"
29,"Choose a Credit Card that Suits Your Needs"
30,"Research Available Credit Card Offers"
30,"Fill Out Credit Card Application"
30,"Submit Credit Card Application"
30,"Research Available Credit Card Offers"
30,"Wait for Credit Check and Approval"
30,"Choose a Credit Card that Suits Your Needs"
31,"Research Available Credit Card Offers"
31,"Fill Out Credit Card Application"
31,"Submit Credit Card Application"
31,"Wait for Credit Check and Approval"
31,"Research Available Credit Card Offers"
31,"Choose a Credit Card that Suits Your Needs"
32,"Research Available Credit Card Offers"
32,"Fill Out Credit Card Application"
32,"Submit Credit Card Application"
32,"Wait for Credit Check and Approval"
32,"Research Available Credit Card Offers"
32,"Receive and Activate the New Card"
32,"Choose a Credit Card that Suits Your Needs"
33,"Research Available Credit Card Offers"
33,"Fill Out Credit Card Application"
33,"Submit Credit Card Application"
33,"Research Available Credit Card Offers"
33,"Choose a Credit Card that Suits Your Needs"
33,"Acquire Application Form"
33,"Wait for Credit Check and Approval"
34,"Research Available Credit Card Offers"
34,"Choose a Credit Card that Suits Your Needs"
34,"Fill Out Credit Card Application"
34,"Acquire Application Form"
34,"Research Available Credit Card Offers"
34,"Submit Credit Card Application"
34,"Wait for Credit Check and Approval"
35,"Research Available Credit Card Offers"
35,"Choose a Credit Card that Suits Your Needs"
35,"Fill Out Credit Card Application"
35,"Acquire Application Form"
35,"Submit Credit Card Application"
35,"Wait for Credit Check and Approval"
36,"Research Available Credit Card Offers"
36,"Choose a Credit Card that Suits Your Needs"
36,"Fill Out Credit Card Application"
36,"Acquire Application Form"
36,"Submit Credit Card Application"
36,"Research Available Credit Card Offers"
36,"Wait for Credit Check and Approval"
37,"Research Available Credit Card Offers"
37,"Choose a Credit Card that Suits Your Needs"
37,"Fill Out Credit Card Application"
37,"Research Available Credit Card Offers"
37,"Acquire Application Form"
37,"Submit Credit Card Application"
37,"Wait for Credit Check and Approval"
38,"Research Available Credit Card Offers"
38,"Choose a Credit Card that Suits Your Needs"
38,"Fill Out Credit Card Application"
38,"Submit Credit Card Application"
38,"Acquire Application Form"
38,"Wait for Credit Check and Approval"
39,"Research Available Credit Card Offers"
39,"Choose a Credit Card that Suits Your Needs"
39,"Fill Out Credit Card Application"
39,"Submit Credit Card Application"
39,"Acquire Application Form"
39,"Research Available Credit Card Offers"
39,"Wait for Credit Check and Approval"
40,"Research Available Credit Card Offers"
40,"Choose a Credit Card that Suits Your Needs"
40,"Acquire Application Form"
40,"Research Available Credit Card Offers"
40,"Fill Out Credit Card Application"
40,"Submit Credit Card Application"
40,"Wait for Credit Check and Approval"
41,"Research Available Credit Card Offers"
41,"Choose a Credit Card that Suits Your Needs"
41,"Acquire Application Form"
41,"Fill Out Credit Card Application"
41,"Submit Credit Card Application"
41,"Wait for Credit Check and Approval"
42,"Research Available Credit Card Offers"
42,"Choose a Credit Card that Suits Your Needs"
42,"Acquire Application Form"
42,"Fill Out Credit Card Application"
42,"Submit Credit Card Application"
42,"Research Available Credit Card Offers"
42,"Wait for Credit Check and Approval"
43,"Research Available Credit Card Offers"
43,"Choose a Credit Card that Suits Your Needs"
43,"Acquire Application Form"
43,"Fill Out Credit Card Application"
43,"Research Available Credit Card Offers"
43,"Submit Credit Card Application"
43,"Wait for Credit Check and Approval"
44,"Fill Out Credit Card Application"
44,"Research Available Credit Card Offers"
44,"Choose a Credit Card that Suits Your Needs"
44,"Submit Credit Card Application"
44,"Wait for Credit Check and Approval"
45,"Fill Out Credit Card Application"
45,"Research Available Credit Card Offers"
45,"Choose a Credit Card that Suits Your Needs"
45,"Submit Credit Card Application"
45,"Research Available Credit Card Offers"
45,"Wait for Credit Check and Approval"
46,"Fill Out Credit Card Application"
46,"Research Available Credit Card Offers"
46,"Choose a Credit Card that Suits Your Needs"
46,"Research Available Credit Card Offers"
46,"Submit Credit Card Application"
46,"Wait for Credit Check and Approval"
47,"Fill Out Credit Card Application"
47,"Research Available Credit Card Offers"
47,"Choose a Credit Card that Suits Your Needs"
47,"Research Available Credit Card Offers"
47,"Acquire Application Form"
47,"Submit Credit Card Application"
47,"Wait for Credit Check and Approval"
48,"Fill Out Credit Card Application"
48,"Research Available Credit Card Offers"
48,"Choose a Credit Card that Suits Your Needs"
48,"Submit Credit Card Application"
48,"Acquire Application Form"
48,"Wait for Credit Check and Approval"
49,"Fill Out Credit Card Application"
49,"Research Available Credit Card Offers"
49,"Choose a Credit Card that Suits Your Needs"
49,"Submit Credit Card Application"
49,"Acquire Application Form"
49,"Research Available Credit Card Offers"
49,"Wait for Credit Check and Approval"
50,"Fill Out Credit Card Application"
50,"Research Available Credit Card Offers"
50,"Choose a Credit Card that Suits Your Needs"
50,"Submit Credit Card Application"
50,"Research Available Credit Card Offers"
50,"Acquire Application Form"
50,"Wait for Credit Check and Approval"
51,"Fill Out Credit Card Application"
51,"Research Available Credit Card Offers"
51,"Choose a Credit Card that Suits Your Needs"
51,"Research Available Credit Card Offers"
51,"Submit Credit Card Application"
51,"Acquire Application Form"
51,"Wait for Credit Check and Approval"
52,"Research Available Credit Card Offers"
52,"Research Available Credit Card Offers"
52,"Choose a Credit Card that Suits Your Needs"
52,"Fill Out Credit Card Application"
52,"Submit Credit Card Application"
52,"Acquire Application Form"
52,"Wait for Credit Check and Approval"
53,"Research Available Credit Card Offers"
53,"Research Available Credit Card Offers"
53,"Choose a Credit Card that Suits Your Needs"
53,"Fill Out Credit Card Application"
53,"Acquire Application Form"
53,"Submit Credit Card Application"
53,"Wait for Credit Check and Approval"
54,"Research Available Credit Card Offers"
54,"Research Available Credit Card Offers"
54,"Choose a Credit Card that Suits Your Needs"
54,"Fill Out Credit Card Application"
54,"Submit Credit Card Application"
54,"Wait for Credit Check and Approval"
55,"Research Available Credit Card Offers"
55,"Fill Out Credit Card Application"
55,"Choose a Credit Card that Suits Your Needs"
55,"Submit Credit Card Application"
55,"Research Available Credit Card Offers"
55,"Wait for Credit Check and Approval"
56,"Research Available Credit Card Offers"
56,"Fill Out Credit Card Application"
56,"Choose a Credit Card that Suits Your Needs"
56,"Submit Credit Card Application"
56,"Research Available Credit Card Offers"
56,"Acquire Application Form"
56,"Wait for Credit Check and Approval"
57,"Research Available Credit Card Offers"
57,"Fill Out Credit Card Application"
57,"Choose a Credit Card that Suits Your Needs"
57,"Submit Credit Card Application"
57,"Wait for Credit Check and Approval"
58,"Research Available Credit Card Offers"
58,"Fill Out Credit Card Application"
58,"Choose a Credit Card that Suits Your Needs"
58,"Research Available Credit Card Offers"
58,"Submit Credit Card Application"
58,"Wait for Credit Check and Approval"
59,"Research Available Credit Card Offers"
59,"Fill Out Credit Card Application"
59,"Choose a Credit Card that Suits Your Needs"
59,"Research Available Credit Card Offers"
59,"Submit Credit Card Application"
59,"Acquire Application Form"
59,"Wait for Credit Check and Approval"
60,"Research Available Credit Card Offers"
60,"Fill Out Credit Card Application"
60,"Choose a Credit Card that Suits Your Needs"
60,"Submit Credit Card Application"
60,"Acquire Application Form"
60,"Research Available Credit Card Offers"
60,"Wait for Credit Check and Approval"
61,"Research Available Credit Card Offers"
61,"Fill Out Credit Card Application"
61,"Choose a Credit Card that Suits Your Needs"
61,"Submit Credit Card Application"
61,"Acquire Application Form"
61,"Wait for Credit Check and Approval"
62,"Research Available Credit Card Offers"
62,"Fill Out Credit Card Application"
62,"Choose a Credit Card that Suits Your Needs"
62,"Research Available Credit Card Offers"
62,"Acquire Application Form"
62,"Submit Credit Card Application"
62,"Wait for Credit Check and Approval"
63,"Research Available Credit Card Offers"
63,"Fill Out Credit Card Application"
63,"Choose a Credit Card that Suits Your Needs"
63,"Acquire Application Form"
63,"Submit Credit Card Application"
63,"Wait for Credit Check and Approval"
64,"Research Available Credit Card Offers"
64,"Fill Out Credit Card Application"
64,"Choose a Credit Card that Suits Your Needs"
64,"Acquire Application Form"
64,"Submit Credit Card Application"
64,"Research Available Credit Card Offers"
64,"Wait for Credit Check and Approval"
65,"Research Available Credit Card Offers"
65,"Fill Out Credit Card Application"
65,"Choose a Credit Card that Suits Your Needs"
65,"Acquire Application Form"
65,"Research Available Credit Card Offers"
65,"Submit Credit Card Application"
65,"Wait for Credit Check and Approval"
66,"Research Available Credit Card Offers"
66,"Research Available Credit Card Offers"
66,"Choose a Credit Card that Suits Your Needs"
66,"Acquire Application Form"
66,"Fill Out Credit Card Application"
66,"Submit Credit Card Application"
66,"Wait for Credit Check and Approval"
67,"Fill Out Credit Card Application"
67,"Research Available Credit Card Offers"
67,"Choose a Credit Card that Suits Your Needs"
67,"Acquire Application Form"
67,"Research Available Credit Card Offers"
67,"Submit Credit Card Application"
67,"Wait for Credit Check and Approval"
68,"Fill Out Credit Card Application"
68,"Research Available Credit Card Offers"
68,"Choose a Credit Card that Suits Your Needs"
68,"Acquire Application Form"
68,"Submit Credit Card Application"
68,"Wait for Credit Check and Approval"
69,"Fill Out Credit Card Application"
69,"Research Available Credit Card Offers"
69,"Choose a Credit Card that Suits Your Needs"
69,"Acquire Application Form"
69,"Submit Credit Card Application"
69,"Research Available Credit Card Offers"
69,"Wait for Credit Check and Approval"
70,"Research Available Credit Card Offers"
70,"Fill Out Credit Card Application"
70,"Submit Credit Card Application"
70,"Choose a Credit Card that Suits Your Needs"
70,"Research Available Credit Card Offers"
70,"Wait for Credit Check and Approval"
71,"Research Available Credit Card Offers"
71,"Fill Out Credit Card Application"
71,"Submit Credit Card Application"
71,"Choose a Credit Card that Suits Your Needs"
71,"Acquire Application Form"
71,"Wait for Credit Check and Approval"
72,"Fill Out Credit Card Application"
72,"Research Available Credit Card Offers"
72,"Submit Credit Card Application"
72,"Choose a Credit Card that Suits Your Needs"
72,"Research Available Credit Card Offers"
72,"Wait for Credit Check and Approval"
73,"Fill Out Credit Card Application"
73,"Research Available Credit Card Offers"
73,"Submit Credit Card Application"
73,"Choose a Credit Card that Suits Your Needs"
73,"Acquire Application Form"
73,"Wait for Credit Check and Approval"
74,"Fill Out Credit Card Application"
74,"Research Available Credit Card Offers"
74,"Submit Credit Card Application"
74,"Choose a Credit Card that Suits Your Needs"
74,"Acquire Application Form"
74,"Research Available Credit Card Offers"
74,"Wait for Credit Check and Approval"
75,"Fill Out Credit Card Application"
75,"Research Available Credit Card Offers"
75,"Submit Credit Card Application"
75,"Choose a Credit Card that Suits Your Needs"
75,"Research Available Credit Card Offers"
75,"Acquire Application Form"
75,"Wait for Credit Check and Approval"
76,"Research Available Credit Card Offers"
76,"Fill Out Credit Card Application"
76,"Submit Credit Card Application"
76,"Choose a Credit Card that Suits Your Needs"
76,"Acquire Application Form"
76,"Research Available Credit Card Offers"
76,"Wait for Credit Check and Approval"
77,"Research Available Credit Card Offers"
77,"Fill Out Credit Card Application"
77,"Submit Credit Card Application"
77,"Choose a Credit Card that Suits Your Needs"
77,"Research Available Credit Card Offers"
77,"Acquire Application Form"
77,"Wait for Credit Check and Approval"
78,"Research Available Credit Card Offers"
78,"Research Available Credit Card Offers"
78,"Fill Out Credit Card Application"
78,"Choose a Credit Card that Suits Your Needs"
78,"Acquire Application Form"
78,"Submit Credit Card Application"
78,"Wait for Credit Check and Approval"
79,"Fill Out Credit Card Application"
79,"Research Available Credit Card Offers"
79,"Submit Credit Card Application"
79,"Choose a Credit Card that Suits Your Needs"
79,"Wait for Credit Check and Approval"
80,"Research Available Credit Card Offers"
80,"Fill Out Credit Card Application"
80,"Submit Credit Card Application"
80,"Choose a Credit Card that Suits Your Needs"
80,"Wait for Credit Check and Approval"
81,"Research Available Credit Card Offers"
81,"Research Available Credit Card Offers"
81,"Fill Out Credit Card Application"
81,"Choose a Credit Card that Suits Your Needs"
81,"Submit Credit Card Application"
81,"Wait for Credit Check and Approval"
82,"Research Available Credit Card Offers"
82,"Research Available Credit Card Offers"
82,"Fill Out Credit Card Application"
82,"Choose a Credit Card that Suits Your Needs"
82,"Submit Credit Card Application"
82,"Acquire Application Form"
82,"Wait for Credit Check and Approval"
83,"Research Available Credit Card Offers"
83,"Choose a Credit Card that Suits Your Needs"
83,"Research Available Credit Card Offers"
83,"Fill Out Credit Card Application"
83,"Submit Credit Card Application"
83,"Wait for Credit Check and Approval"
84,"Research Available Credit Card Offers"
84,"Choose a Credit Card that Suits Your Needs"
84,"Research Available Credit Card Offers"
84,"Fill Out Credit Card Application"
84,"Acquire Application Form"
84,"Submit Credit Card Application"
84,"Wait for Credit Check and Approval"
85,"Research Available Credit Card Offers"
85,"Choose a Credit Card that Suits Your Needs"
85,"Research Available Credit Card Offers"
85,"Fill Out Credit Card Application"
85,"Submit Credit Card Application"
85,"Acquire Application Form"
85,"Wait for Credit Check and Approval"
86,"Research Available Credit Card Offers"
86,"Fill Out Credit Card Application"
86,"Research Available Credit Card Offers"
86,"Choose a Credit Card that Suits Your Needs"
86,"Submit Credit Card Application"
86,"Acquire Application Form"
86,"Wait for Credit Check and Approval"
87,"Research Available Credit Card Offers"
87,"Choose a Credit Card that Suits Your Needs"
87,"Research Available Credit Card Offers"
87,"Acquire Application Form"
87,"Fill Out Credit Card Application"
87,"Submit Credit Card Application"
87,"Wait for Credit Check and Approval"
88,"Research Available Credit Card Offers"
88,"Fill Out Credit Card Application"
88,"Research Available Credit Card Offers"
88,"Choose a Credit Card that Suits Your Needs"
88,"Acquire Application Form"
88,"Submit Credit Card Application"
88,"Wait for Credit Check and Approval"
89,"Research Available Credit Card Offers"
89,"Fill Out Credit Card Application"
89,"Research Available Credit Card Offers"
89,"Choose a Credit Card that Suits Your Needs"
89,"Submit Credit Card Application"
89,"Wait for Credit Check and Approval"
90,"Fill Out Credit Card Application"
90,"Submit Credit Card Application"
90,"Research Available Credit Card Offers"
90,"Choose a Credit Card that Suits Your Needs"
90,"Acquire Application Form"
90,"Wait for Credit Check and Approval"
91,"Fill Out Credit Card Application"
91,"Research Available Credit Card Offers"
91,"Research Available Credit Card Offers"
91,"Choose a Credit Card that Suits Your Needs"
91,"Submit Credit Card Application"
91,"Acquire Application Form"
91,"Wait for Credit Check and Approval"
92,"Fill Out Credit Card Application"
92,"Research Available Credit Card Offers"
92,"Research Available Credit Card Offers"
92,"Choose a Credit Card that Suits Your Needs"
92,"Submit Credit Card Application"
92,"Wait for Credit Check and Approval"
93,"Fill Out Credit Card Application"
93,"Research Available Credit Card Offers"
93,"Research Available Credit Card Offers"
93,"Choose a Credit Card that Suits Your Needs"
93,"Acquire Application Form"
93,"Submit Credit Card Application"
93,"Wait for Credit Check and Approval"
94,"Fill Out Credit Card Application"
94,"Submit Credit Card Application"
94,"Research Available Credit Card Offers"
94,"Choose a Credit Card that Suits Your Needs"
94,"Wait for Credit Check and Approval"
95,"Fill Out Credit Card Application"
95,"Submit Credit Card Application"
95,"Research Available Credit Card Offers"
95,"Choose a Credit Card that Suits Your Needs"
95,"Acquire Application Form"
95,"Research Available Credit Card Offers"
95,"Wait for Credit Check and Approval"
96,"Fill Out Credit Card Application"
96,"Submit Credit Card Application"
96,"Research Available Credit Card Offers"
96,"Choose a Credit Card that Suits Your Needs"
96,"Research Available Credit Card Offers"
96,"Acquire Application Form"
96,"Wait for Credit Check and Approval"
97,"Fill Out Credit Card Application"
97,"Submit Credit Card Application"
97,"Research Available Credit Card Offers"
97,"Choose a Credit Card that Suits Your Needs"
97,"Research Available Credit Card Offers"
97,"Wait for Credit Check and Approval"
98,"Fill Out Credit Card Application"
98,"Submit Credit Card Application"
98,"Research Available Credit Card Offers"
98,"Wait for Credit Check and Approval"
98,"Choose a Credit Card that Suits Your Needs"
99,"Fill Out Credit Card Application"
99,"Submit Credit Card Application"
99,"Research Available Credit Card Offers"
99,"Wait for Credit Check and Approval"
99,"Receive and Activate the New Card"
99,"Research Available Credit Card Offers"
99,"Choose a Credit Card that Suits Your Needs"
100,"Fill Out Credit Card Application"
100,"Submit Credit Card Application"
100,"Research Available Credit Card Offers"
100,"Wait for Credit Check and Approval"
100,"Research Available Credit Card Offers"
100,"Receive and Activate the New Card"
100,"Choose a Credit Card that Suits Your Needs"
101,"Fill Out Credit Card Application"
101,"Submit Credit Card Application"
101,"Research Available Credit Card Offers"
101,"Wait for Credit Check and Approval"
101,"Receive and Activate the New Card"
101,"Choose a Credit Card that Suits Your Needs"
102,"Fill Out Credit Card Application"
102,"Submit Credit Card Application"
102,"Research Available Credit Card Offers"
102,"Wait for Credit Check and Approval"
102,"Research Available Credit Card Offers"
102,"Choose a Credit Card that Suits Your Needs"
103,"Fill Out Credit Card Application"
103,"Submit Credit Card Application"
103,"Research Available Credit Card Offers"
103,"Research Available Credit Card Offers"
103,"Choose a Credit Card that Suits Your Needs"
103,"Wait for Credit Check and Approval"
104,"Fill Out Credit Card Application"
104,"Submit Credit Card Application"
104,"Research Available Credit Card Offers"
104,"Research Available Credit Card Offers"
104,"Wait for Credit Check and Approval"
104,"Choose a Credit Card that Suits Your Needs"
105,"Fill Out Credit Card Application"
105,"Submit Credit Card Application"
105,"Research Available Credit Card Offers"
105,"Research Available Credit Card Offers"
105,"Wait for Credit Check and Approval"
105,"Receive and Activate the New Card"
105,"Choose a Credit Card that Suits Your Needs"
106,"Fill Out Credit Card Application"
106,"Submit Credit Card Application"
106,"Research Available Credit Card Offers"
106,"Research Available Credit Card Offers"
106,"Choose a Credit Card that Suits Your Needs"
106,"Acquire Application Form"
106,"Wait for Credit Check and Approval"
107,"Fill Out Credit Card Application"
107,"Research Available Credit Card Offers"
107,"Research Available Credit Card Offers"
107,"Submit Credit Card Application"
107,"Wait for Credit Check and Approval"
107,"Receive and Activate the New Card"
107,"Choose a Credit Card that Suits Your Needs"
108,"Fill Out Credit Card Application"
108,"Research Available Credit Card Offers"
108,"Research Available Credit Card Offers"
108,"Submit Credit Card Application"
108,"Wait for Credit Check and Approval"
108,"Choose a Credit Card that Suits Your Needs"
109,"Fill Out Credit Card Application"
109,"Research Available Credit Card Offers"
109,"Research Available Credit Card Offers"
109,"Submit Credit Card Application"
109,"Choose a Credit Card that Suits Your Needs"
109,"Wait for Credit Check and Approval"
110,"Fill Out Credit Card Application"
110,"Research Available Credit Card Offers"
110,"Research Available Credit Card Offers"
110,"Submit Credit Card Application"
110,"Choose a Credit Card that Suits Your Needs"
110,"Acquire Application Form"
110,"Wait for Credit Check and Approval"
111,"Research Available Credit Card Offers"
111,"Fill Out Credit Card Application"
111,"Research Available Credit Card Offers"
111,"Submit Credit Card Application"
111,"Choose a Credit Card that Suits Your Needs"
111,"Wait for Credit Check and Approval"
112,"Research Available Credit Card Offers"
112,"Fill Out Credit Card Application"
112,"Research Available Credit Card Offers"
112,"Submit Credit Card Application"
112,"Wait for Credit Check and Approval"
112,"Choose a Credit Card that Suits Your Needs"
113,"Research Available Credit Card Offers"
113,"Fill Out Credit Card Application"
113,"Research Available Credit Card Offers"
113,"Submit Credit Card Application"
113,"Wait for Credit Check and Approval"
113,"Receive and Activate the New Card"
113,"Choose a Credit Card that Suits Your Needs"
114,"Research Available Credit Card Offers"
114,"Fill Out Credit Card Application"
114,"Research Available Credit Card Offers"
114,"Submit Credit Card Application"
114,"Choose a Credit Card that Suits Your Needs"
114,"Acquire Application Form"
114,"Wait for Credit Check and Approval"